Iteration,num_layers,lstm_0_units,lstm_1_units,lstm_2_units,Dropout,learning_rate,val_loss,best_epoch (0-index)
1,1,30,NaN,NaN,NaN,0.001,40490.8046875,3
2,1,50,NaN,NaN,NaN,0.01,46449.12890625,NaN
3,2,50,25,NaN,NaN,0.001,46606.36328125,NaN
4,2,75,25,NaN,NaN,0.1,55704.7578125,4
5,3,125,25,25,NaN,0.01,45981.93359375,1
6,1,32,NaN,NaN,0.2,0.001,45841.3671875,9
7,1,30,NaN,NaN,0.1,0.001,39346.11328125,3
